target_id,sample_id,rank,method,pred_path,gt_path,evaluation_mode,pred_receptor_chains,pred_ligand_chains,gt_receptor_chains,gt_ligand_chains,pred_chain_groups,gt_chain_groups,status,error_type,error_message,failure_category,mapping_low_confidence_reasons,ca_rmsd,all_atom_rmsd,irmsd,lrmsd,fnat,dockq,dockq_acceptable,dockq_medium,dockq_high,lddt_ca,clash_count,clashes_per_1000_atoms,matched_residue_fraction,matched_atom_fraction,num_matched_residues,num_matched_atoms,num_native_contacts,num_recovered_contacts,num_native_interface_receptor_residues,num_native_interface_ligand_residues,native_interface_receptor_residues,native_interface_ligand_residues,used_sequence_fallback,used_ca_fallback_for_irmsd,used_ca_fallback_for_lrmsd,parse_warning,dockq_decomposition_fnat_term,dockq_decomposition_irmsd_term,dockq_decomposition_lrmsd_term,interface_native_contact_count,interface_pred_contact_count,interface_recovered_contact_count,interface_missing_contact_count,interface_false_contact_count,interface_precision,interface_recall,interface_f1,receptor_num_chain_pairs,receptor_num_matched_residues,receptor_num_unmatched_gt_residues,receptor_num_unmatched_pred_residues,receptor_matched_residue_fraction,receptor_matched_pred_fraction,receptor_min_chain_sequence_identity,receptor_max_chain_length_difference,receptor_chain_length_differences,receptor_used_sequence_fallback,receptor_used_positional_chain_mapping,receptor_chain_mapping_strategy,receptor_chain_match_summary,ligand_num_chain_pairs,ligand_num_matched_residues,ligand_num_unmatched_gt_residues,ligand_num_unmatched_pred_residues,ligand_matched_residue_fraction,ligand_matched_pred_fraction,ligand_min_chain_sequence_identity,ligand_max_chain_length_difference,ligand_chain_length_differences,ligand_used_sequence_fallback,ligand_used_positional_chain_mapping,ligand_chain_mapping_strategy,ligand_chain_match_summary,mapping_confidence_score,mapping_confidence_floor_signal,num_chain_groups,mapping_confidence_label,diagnostic_tags
X001,x001_perfect,1,baseline,data/X001_pred.pdb,data/X001_native.pdb,binary,A,B,A,B,,,success,,,,,8.743201720746114e-16,1.420548771380134e-15,1.420548771380134e-15,0.0,1.0,1.0,True,True,True,1.0,15,750.0,1.0,1.0,5,20,5,5,3,2,A:ALA:1:.;A:GLY:2:.;A:SER:3:.,B:LEU:2:.;B:TYR:1:.,False,False,False,,1.0,1.0,1.0,5,5,5,0,0,1.0,1.0,1.0,1,3,0,0,1.0,1.0,1.0,0,A->A:0,False,False,exact_chain_names,A->A:matched=3/gt=3/pred=3/seqid=1.000/fallback=0,1,2,0,0,1.0,1.0,1.0,0,B->B:0,False,False,exact_chain_names,B->B:matched=2/gt=2/pred=2/seqid=1.000/fallback=0,1.0,1.0,2,high,clean_mapping
X002,x002_rigid_transform,1,baseline,data/X002_pred.pdb,data/X002_native.pdb,binary,A,B,A,B,,,success,,,,,6.879800455918813e-16,1.4321446692197793e-15,1.4321446692197793e-15,0.0,1.0,1.0,True,True,True,1.0,15,750.0,1.0,1.0,5,20,5,5,3,2,A:ASN:2:.;A:ASP:3:.;A:VAL:1:.,B:LYS:2:.;B:PHE:1:.,False,False,False,,1.0,1.0,1.0,5,5,5,0,0,1.0,1.0,1.0,1,3,0,0,1.0,1.0,1.0,0,A->A:0,False,False,exact_chain_names,A->A:matched=3/gt=3/pred=3/seqid=1.000/fallback=0,1,2,0,0,1.0,1.0,1.0,0,B->B:0,False,False,exact_chain_names,B->B:matched=2/gt=2/pred=2/seqid=1.000/fallback=0,1.0,1.0,2,high,clean_mapping
X003,x003_mild_ligand_shift,1,drift,data/X003_pred.pdb,data/X003_native.pdb,binary,A,B,A,B,,,success,,,,,0.5718441617021628,0.5723346640894922,0.5723346640894914,1.2000000000000002,0.0,0.6177916309050926,True,True,False,0.725,15,750.0,1.0,1.0,5,20,5,0,3,2,A:GLU:3:.;A:ILE:2:.;A:THR:1:.,B:ARG:2:.;B:TRP:1:.,False,False,False,,0.0,0.8729162144685687,0.9804586782467092,5,0,0,5,0,,0.0,,1,3,0,0,1.0,1.0,1.0,0,A->A:0,False,False,exact_chain_names,A->A:matched=3/gt=3/pred=3/seqid=1.000/fallback=0,1,2,0,0,1.0,1.0,1.0,0,B->B:0,False,False,exact_chain_names,B->B:matched=2/gt=2/pred=2/seqid=1.000/fallback=0,1.0,1.0,2,high,clean_mapping
X004,x004_large_ligand_shift,1,drift,data/X004_pred.pdb,data/X004_native.pdb,binary,A,B,A,B,,,success,,,,,2.1591491105702065,2.160202018818051,2.160202018818051,4.5,0.0,0.3687971352594315,True,False,False,0.425,15,750.0,1.0,1.0,5,20,5,0,3,2,A:GLY:1:.;A:PRO:2:.;A:SER:3:.,B:ASN:2:.;B:MET:1:.,False,False,False,,0.0,0.3253103246972135,0.781081081081081,5,0,0,5,0,,0.0,,1,3,0,0,1.0,1.0,1.0,0,A->A:0,False,False,exact_chain_names,A->A:matched=3/gt=3/pred=3/seqid=1.000/fallback=0,1,2,0,0,1.0,1.0,1.0,0,B->B:0,False,False,exact_chain_names,B->B:matched=2/gt=2/pred=2/seqid=1.000/fallback=0,1.0,1.0,2,high,clean_mapping
X005,x005_numbering_offset,1,ablation,data/X005_pred.pdb,data/X005_native.pdb,binary,A,B,A,B,,,success,,,,,8.743201720746114e-16,1.420548771380134e-15,1.420548771380134e-15,0.0,1.0,1.0,True,True,True,1.0,15,750.0,1.0,1.0,5,20,5,5,3,2,A:ALA:3:.;A:CYS:1:.;A:GLN:2:.,B:ASP:2:.;B:TYR:1:.,True,False,False,Used sequence-based residue matching for receptor chain pair A->A. | Used sequence-based residue matching for ligand chain pair B->B.,1.0,1.0,1.0,5,5,5,0,0,1.0,1.0,1.0,1,3,0,0,1.0,1.0,1.0,0,A->A:0,True,False,exact_chain_names,A->A:matched=3/gt=3/pred=3/seqid=1.000/fallback=1,1,2,0,0,1.0,1.0,1.0,0,B->B:0,True,False,exact_chain_names,B->B:matched=2/gt=2/pred=2/seqid=1.000/fallback=1,0.92,1.0,2,high,used_sequence_fallback;likely_numbering_offset
X006,x006_chain_name_mismatch,1,ablation,data/X006_pred.pdb,data/X006_native.pdb,binary,X,Y,A,B,,,success,,,,,8.743201720746114e-16,1.420548771380134e-15,1.420548771380134e-15,0.0,1.0,1.0,True,True,True,1.0,15,750.0,1.0,1.0,5,20,5,5,3,2,A:GLY:3:.;A:HIS:2:.;A:LEU:1:.,B:PHE:1:.;B:SER:2:.,False,False,False,Chain identifiers differ; mapped chains positionally according to manifest order.,1.0,1.0,1.0,5,5,5,0,0,1.0,1.0,1.0,1,3,0,0,1.0,1.0,1.0,0,X->A:0,False,True,positional,X->A:matched=3/gt=3/pred=3/seqid=1.000/fallback=0,1,2,0,0,1.0,1.0,1.0,0,Y->B:0,False,True,positional,Y->B:matched=2/gt=2/pred=2/seqid=1.000/fallback=0,0.9,1.0,2,high,parse_warning_present
X007,x007_missing_ligand_residue,1,baseline,data/X007_pred.pdb,data/X007_native.pdb,binary,A,B,A,B,,,success,,,,,0.0,0.0,0.0,0.0,1.0,1.0,True,True,True,1.0,20,833.3333333333334,1.0,1.0,6,24,7,7,3,3,A:ARG:1:.;A:ASN:3:.;A:VAL:2:.,B:GLY:3:.;B:LEU:2:.;B:TYR:1:.,False,False,False,,1.0,1.0,1.0,7,7,7,0,0,1.0,1.0,1.0,1,3,0,0,1.0,1.0,1.0,0,A->A:0,False,False,exact_chain_names,A->A:matched=3/gt=3/pred=3/seqid=1.000/fallback=0,1,3,0,0,1.0,1.0,1.0,0,B->B:0,False,False,exact_chain_names,B->B:matched=3/gt=3/pred=3/seqid=1.000/fallback=0,1.0,1.0,2,high,clean_mapping
X008,x008_sparse_atoms,1,baseline,data/X008_pred.pdb,data/X008_native.pdb,binary,A,B,A,B,,,success,,,,,8.743201720746114e-16,8.743201720746114e-16,8.743201720746114e-16,0.0,1.0,1.0,True,True,True,1.0,0,0.0,1.0,0.25,5,5,5,5,3,2,A:ASP:1:.;A:LYS:3:.;A:THR:2:.,B:GLY:2:.;B:PHE:1:.,False,True,True,,1.0,1.0,1.0,5,5,5,0,0,1.0,1.0,1.0,1,3,0,0,1.0,1.0,1.0,0,A->A:0,False,False,exact_chain_names,A->A:matched=3/gt=3/pred=3/seqid=1.000/fallback=0,1,2,0,0,1.0,1.0,1.0,0,B->B:0,False,False,exact_chain_names,B->B:matched=2/gt=2/pred=2/seqid=1.000/fallback=0,0.5615390624999999,1.0,2,low,sparse_atom_coverage;used_ca_fallback_irmsd;used_ca_fallback_lrmsd
X009,x009_extra_receptor_residue,1,drift,data/X009_pred.pdb,data/X009_native.pdb,binary,A,B,A,B,,,success,,,,,8.743201720746114e-16,1.420548771380134e-15,1.420548771380134e-15,0.0,1.0,1.0,True,True,True,1.0,20,833.3333333333334,1.0,1.0,5,20,5,5,3,2,A:GLU:2:.;A:ILE:3:.;A:SER:1:.,B:ALA:2:.;B:TYR:1:.,False,False,False,,1.0,1.0,1.0,5,5,5,0,0,1.0,1.0,1.0,1,3,0,1,1.0,0.75,0.75,1,A->A:1,False,False,exact_chain_names,A->A:matched=3/gt=3/pred=4/seqid=0.750/fallback=0,1,2,0,0,1.0,1.0,1.0,0,B->B:0,False,False,exact_chain_names,B->B:matched=2/gt=2/pred=2/seqid=1.000/fallback=0,0.9299999999999999,0.75,2,high,low_sequence_identity
X010,x010_insertion_code,1,drift,data/X010_pred.pdb,data/X010_native.pdb,binary,A,B,A,B,,,success,,,,,8.743201720746114e-16,1.420548771380134e-15,1.420548771380134e-15,0.0,1.0,1.0,True,True,True,1.0,17,850.0,1.0,1.0,5,20,5,5,3,2,A:ASN:2:A;A:LEU:3:.;A:PRO:1:.,B:THR:2:.;B:TRP:1:.,False,False,False,,1.0,1.0,1.0,5,5,5,0,0,1.0,1.0,1.0,1,3,0,0,1.0,1.0,1.0,0,A->A:0,False,False,exact_chain_names,A->A:matched=3/gt=3/pred=3/seqid=1.000/fallback=0,1,2,0,0,1.0,1.0,1.0,0,B->B:0,False,False,exact_chain_names,B->B:matched=2/gt=2/pred=2/seqid=1.000/fallback=0,1.0,1.0,2,high,clean_mapping
X011,x011_false_contacts,1,ablation,data/X011_pred.pdb,data/X011_native.pdb,binary,A,B,A,B,,,success,,,,,0.7077131717819988,0.7088242661374291,0.708824266137429,1.5,1.0,0.9290858641420859,True,True,True,0.725,43,2150.0,1.0,1.0,5,20,5,5,3,2,A:ALA:1:.;A:GLY:2:.;A:SER:3:.,B:LEU:2:.;B:TYR:1:.,False,False,False,,1.0,0.8174589347081368,0.9697986577181208,5,5,5,0,0,1.0,1.0,1.0,1,3,0,0,1.0,1.0,1.0,0,A->A:0,False,False,exact_chain_names,A->A:matched=3/gt=3/pred=3/seqid=1.000/fallback=0,1,2,0,0,1.0,1.0,1.0,0,B->B:0,False,False,exact_chain_names,B->B:matched=2/gt=2/pred=2/seqid=1.000/fallback=0,1.0,1.0,2,high,clean_mapping
X012,x012_combined_offset_and_shift,1,drift,data/X012_pred.pdb,data/X012_native.pdb,binary,X,Y,A,B,,,success,,,,,0.7558191920916789,0.757186609016852,0.7571866090168521,1.655294535724685,0.625,0.7951308791985515,True,True,False,0.8095238095238095,25,892.8571428571429,1.0,1.0,7,28,8,5,4,3,A:ASP:3:.;A:GLU:2:.;A:LYS:4:.;A:MET:1:.,B:ASN:3:.;B:PHE:1:.;B:VAL:2:.,True,False,False,Chain identifiers differ; mapped chains positionally according to manifest order. | Used sequence-based residue matching for receptor chain pair X->A. | Used sequence-based residue matching for ligand chain pair Y->B.,0.625,0.7969308426896671,0.9634617949059875,8,5,5,3,0,1.0,0.625,0.7692307692307693,1,4,0,0,1.0,1.0,1.0,0,X->A:0,True,True,positional,X->A:matched=4/gt=4/pred=4/seqid=1.000/fallback=1,1,3,0,0,1.0,1.0,1.0,0,Y->B:0,True,True,positional,Y->B:matched=3/gt=3/pred=3/seqid=1.000/fallback=1,0.8280000000000001,1.0,2,medium,used_sequence_fallback;parse_warning_present;partial_interface_observed;likely_numbering_offset
